r.squared,adj.r.squared,sigma,AIC,BIC,p.value,modelo
0.6394925203083676,0.6394741685016205,3016.039504802539,10375015.762774244,10375352.296689821,0,Completo (con Product_Category_1)
