r.squared,adj.r.squared,sigma,AIC,BIC,p.value,modelo
0.008177366199665047,0.008161138086076658,5002.526437509313,10931663.955484226,10931787.351253271,0,Base (sin Product_Category_1)
