Min,Q1,Mediana,Media,Q3,Max
-15506.987627160355,-1588.9489727138014,409.4708512076104,6.586825542209117e-14,1973.2737630698962,8210.55614331992
